"STATION","NAME","LATITUDE","LONGITUDE","ELEVATION","DATE","PRCP","PRCP_ATTRIBUTES","SNOW","SNOW_ATTRIBUTES","SNWD","SNWD_ATTRIBUTES","TAVG","TAVG_ATTRIBUTES","TMAX","TMAX_ATTRIBUTES","TMIN","TMIN_ATTRIBUTES","WT01","WT01_ATTRIBUTES","WT03","WT03_ATTRIBUTES"
"USW00093784","MARYLAND SCIENCE CENTER, MD US","39.2814","-76.6111","6.1","2025-01-01","0.00",",,W,2400",,,,,,,"51",",,W","42",",,W",,,,
"USW00093784","MARYLAND SCIENCE CENTER, MD US","39.2814","-76.6111","6.1","2025-01-02","0.00",",,W,2400",,,,,,,"42",",,W","37",",,W",,,,
"USW00093784","MARYLAND SCIENCE CENTER, MD US","39.2814","-76.6111","6.1","2025-01-03","0.02",",,W,2400",,,,,,,"43",",,W","32",",,W",,,,
"USW00093784","MARYLAND SCIENCE CENTER, MD US","39.2814","-76.6111","6.1","2025-01-04","0.00",",,W,2400",,,,,,,"34",",,W","27",",,W",,,,
"USW00093784","MARYLAND SCIENCE CENTER, MD US","39.2814","-76.6111","6.1","2025-01-05","0.00",",,W,2400",,,,,,,"34",",,W","24",",,W",,,,
"USW00093784","MARYLAND SCIENCE CENTER, MD US","39.2814","-76.6111","6.1","2025-01-06","0.57",",,W,2400",,,,,,,"32",",,W","26",",,W",,,,
"USW00093784","MARYLAND SCIENCE CENTER, MD US","39.2814","-76.6111","6.1","2025-01-07","0.00",",,W,2400",,,,,,,"36",",,W","23",",,W",,,,
"USW00093784","MARYLAND SCIENCE CENTER, MD US","39.2814","-76.6111","6.1","2025-01-08","0.00",",,W,2400",,,,,,,"34",",,W","24",",,W",,,,
"USW00093784","MARYLAND SCIENCE CENTER, MD US","39.2814","-76.6111","6.1","2025-01-09","0.00",",,W,2400",,,,,,,"34",",,W","23",",,W",,,,
"USW00093784","MARYLAND SCIENCE CENTER, MD US","39.2814","-76.6111","6.1","2025-01-10","0.01",",,W,2400",,,,,,,"36",",,W","25",",,W",,,,
"USW00093784","MARYLAND SCIENCE CENTER, MD US","39.2814","-76.6111","6.1","2025-01-11","0.08",",,W,2400",,,,,,,"37",",,W","28",",,W",,,,
"USW00093784","MARYLAND SCIENCE CENTER, MD US","39.2814","-76.6111","6.1","2025-01-12","0.00",",,W,2400",,,,,,,"44",",,W","29",",,W",,,,
"USW00093784","MARYLAND SCIENCE CENTER, MD US","39.2814","-76.6111","6.1","2025-01-13","0.00",",,W,2400",,,,,,,"48",",,W","30",",,W",,,,
"USW00093784","MARYLAND SCIENCE CENTER, MD US","39.2814","-76.6111","6.1","2025-01-14","0.00",",,W,2400",,,,,,,"38",",,W","27",",,W",,,,
"USW00093784","MARYLAND SCIENCE CENTER, MD US","39.2814","-76.6111","6.1","2025-01-15","0.00",",,W,2400",,,,,,,"34",",,W","23",",,W",,,,
"USW00093784","MARYLAND SCIENCE CENTER, MD US","39.2814","-76.6111","6.1","2025-01-16","0.00",",,W,2400",,,,,,,"35",",,W","21",",,W",,,,
"USW00093784","MARYLAND SCIENCE CENTER, MD US","39.2814","-76.6111","6.1","2025-01-17","0.00",",,W,2400",,,,,,,"45",",,W","31",",,W",,,,
"USW00093784","MARYLAND SCIENCE CENTER, MD US","39.2814","-76.6111","6.1","2025-01-18","0.01",",,W,2400",,,,,,,"43",",,W","31",",,W",,,,
"USW00093784","MARYLAND SCIENCE CENTER, MD US","39.2814","-76.6111","6.1","2025-01-19","0.18",",,W,2400",,,,,,,"42",",,W","29",",,W",,,,
"USW00093784","MARYLAND SCIENCE CENTER, MD US","39.2814","-76.6111","6.1","2025-01-20","0.00",",,W,2400",,,,,,,"29",",,W","16",",,W",,,,
"USW00093784","MARYLAND SCIENCE CENTER, MD US","39.2814","-76.6111","6.1","2025-01-21","0.00",",,W,2400",,,,,,,"22",",,W","15",",,W",,,,
"USW00093784","MARYLAND SCIENCE CENTER, MD US","39.2814","-76.6111","6.1","2025-01-22","0.00",",,W,2400",,,,,,,"23",",,W","13",",,W",,,,
"USW00093784","MARYLAND SCIENCE CENTER, MD US","39.2814","-76.6111","6.1","2025-01-23","0.00",",,W,2400",,,,,,,"33",",,W","16",",,W",,,,
"USW00093784","MARYLAND SCIENCE CENTER, MD US","39.2814","-76.6111","6.1","2025-01-24","0.00",",,W,2400",,,,,,,"38",",,W","24",",,W",,,,
"USW00093784","MARYLAND SCIENCE CENTER, MD US","39.2814","-76.6111","6.1","2025-01-25","0.00",",,W,2400",,,,,,,"39",",,W","24",",,W",,,,
"USW00093784","MARYLAND SCIENCE CENTER, MD US","39.2814","-76.6111","6.1","2025-01-26","0.00",",,W,2400",,,,,,,"49",",,W","30",",,W",,,,
"USW00093784","MARYLAND SCIENCE CENTER, MD US","39.2814","-76.6111","6.1","2025-01-27","0.00",",,W,2400",,,,,,,"52",",,W","28",",,W",,,,
"USW00093784","MARYLAND SCIENCE CENTER, MD US","39.2814","-76.6111","6.1","2025-01-28","0.00",",,W,2400",,,,,,,"51",",,W","33",",,W",,,,
"USW00093784","MARYLAND SCIENCE CENTER, MD US","39.2814","-76.6111","6.1","2025-01-29","0.00",",,W,2400",,,,,,,"59",",,W","36",",,W",,,,
"USW00093784","MARYLAND SCIENCE CENTER, MD US","39.2814","-76.6111","6.1","2025-01-30","0.00",",,W,2400",,,,,,,"46",",,W","35",",,W",,,,
"USW00093784","MARYLAND SCIENCE CENTER, MD US","39.2814","-76.6111","6.1","2025-01-31","0.50",",,W,2400",,,,,,,"54",",,W","42",",,W",,,,
"USW00093784","MARYLAND SCIENCE CENTER, MD US","39.2814","-76.6111","6.1","2025-02-01","0.01",",,W,2400",,,,,,,"53",",,W","31",",,W",,,,
"USW00093784","MARYLAND SCIENCE CENTER, MD US","39.2814","-76.6111","6.1","2025-02-02","0.00",",,W,2400",,,,,,,"36",",,W","24",",,W",,,,
"USW00093784","MARYLAND SCIENCE CENTER, MD US","39.2814","-76.6111","6.1","2025-02-03","0.00",",,W,2400",,,,,,,"48",",,W","32",",,W",,,,
"USW00093784","MARYLAND SCIENCE CENTER, MD US","39.2814","-76.6111","6.1","2025-02-04","0.00",",,W,2400",,,,,,,"59",",,W","39",",,W",,,,
"USW00093784","MARYLAND SCIENCE CENTER, MD US","39.2814","-76.6111","6.1","2025-02-05","0.01",",,W,2400",,,,,,,"41",",,W","36",",,W",,,,
"USW00093784","MARYLAND SCIENCE CENTER, MD US","39.2814","-76.6111","6.1","2025-02-06","0.40",",,W,2400",,,,,,,"45",",,W","33",",,W",,,,
"USW00093784","MARYLAND SCIENCE CENTER, MD US","39.2814","-76.6111","6.1","2025-02-07","0.00",",,W,2400",,,,,,,"52",",,W","37",",,W",,,,
"USW00093784","MARYLAND SCIENCE CENTER, MD US","39.2814","-76.6111","6.1","2025-02-08","0.04",",,W,2400",,,,,,,"37",",,W","33",",,W",,,,
"USW00093784","MARYLAND SCIENCE CENTER, MD US","39.2814","-76.6111","6.1","2025-02-09","0.01",",,W,2400",,,,,,,"46",",,W","35",",,W",,,,
"USW00093784","MARYLAND SCIENCE CENTER, MD US","39.2814","-76.6111","6.1","2025-02-10","0.00",",,W,2400",,,,,,,"46",",,W","35",",,W",,,,
"USW00093784","MARYLAND SCIENCE CENTER, MD US","39.2814","-76.6111","6.1","2025-02-11","0.35",",,W,2400",,,,,,,"37",",,W","31",",,W",,,,
"USW00093784","MARYLAND SCIENCE CENTER, MD US","39.2814","-76.6111","6.1","2025-02-12","0.24",",,W,2400",,,,,,,"38",",,W","32",",,W",,,,
"USW00093784","MARYLAND SCIENCE CENTER, MD US","39.2814","-76.6111","6.1","2025-02-13","0.07",",,W,2400",,,,,,,"57",",,W","37",",,W",,,,
"USW00093784","MARYLAND SCIENCE CENTER, MD US","39.2814","-76.6111","6.1","2025-02-14","0.00",",,W,2400",,,,,,,"42",",,W","33",",,W",,,,
"USW00093784","MARYLAND SCIENCE CENTER, MD US","39.2814","-76.6111","6.1","2025-02-15","0.42",",,W,2400",,,,,,,"40",",,W","34",",,W",,,,
"USW00093784","MARYLAND SCIENCE CENTER, MD US","39.2814","-76.6111","6.1","2025-02-16","0.61",",,W,2400",,,,,,,"61",",,W","39",",,W",,,,
"USW00093784","MARYLAND SCIENCE CENTER, MD US","39.2814","-76.6111","6.1","2025-02-17","0.00",",,W,2400",,,,,,,"42",",,W","32",",,W",,,,
"USW00093784","MARYLAND SCIENCE CENTER, MD US","39.2814","-76.6111","6.1","2025-02-18","0.00",",,W,2400",,,,,,,"34",",,W","22",",,W",,,,
"USW00093784","MARYLAND SCIENCE CENTER, MD US","39.2814","-76.6111","6.1","2025-02-19","0.00",",,W,2400",,,,,,,"31",",,W","20",",,W",,,,
"USW00093784","MARYLAND SCIENCE CENTER, MD US","39.2814","-76.6111","6.1","2025-02-20","0.00",",,W,2400",,,,,,,"30",",,W","22",",,W",,,,
"USW00093784","MARYLAND SCIENCE CENTER, MD US","39.2814","-76.6111","6.1","2025-02-21","0.00",",,W,2400",,,,,,,"39",",,W","27",",,W",,,,
"USW00093784","MARYLAND SCIENCE CENTER, MD US","39.2814","-76.6111","6.1","2025-02-22","0.00",",,W,2400",,,,,,,"43",",,W","25",",,W",,,,
"USW00093784","MARYLAND SCIENCE CENTER, MD US","39.2814","-76.6111","6.1","2025-02-23","0.00",",,W,2400",,,,,,,"53",",,W","30",",,W",,,,
"USW00093784","MARYLAND SCIENCE CENTER, MD US","39.2814","-76.6111","6.1","2025-02-24","0.00",",,W,2400",,,,,,,"56",",,W","35",",,W",,,,
"USW00093784","MARYLAND SCIENCE CENTER, MD US","39.2814","-76.6111","6.1","2025-02-25","0.00",",,W,2400",,,,,,,"66",",,W","38",",,W",,,,
"USW00093784","MARYLAND SCIENCE CENTER, MD US","39.2814","-76.6111","6.1","2025-02-26","0.00",",,W,2400",,,,,,,"67",",,W","43",",,W",,,,
"USW00093784","MARYLAND SCIENCE CENTER, MD US","39.2814","-76.6111","6.1","2025-02-27","0.07",",,W,2400",,,,,,,"63",",,W","46",",,W",,,,
"USW00093784","MARYLAND SCIENCE CENTER, MD US","39.2814","-76.6111","6.1","2025-02-28","0.00",",,W,2400",,,,,,,"57",",,W","43",",,W",,,,
"USW00093784","MARYLAND SCIENCE CENTER, MD US","39.2814","-76.6111","6.1","2025-03-01","0.00",",,W,2400",,,,,,,"66",",,W","30",",,W",,,,
"USW00093784","MARYLAND SCIENCE CENTER, MD US","39.2814","-76.6111","6.1","2025-03-02","0.00",",,W,2400",,,,,,,"40",",,W","23",",,W",,,,
"USW00093784","MARYLAND SCIENCE CENTER, MD US","39.2814","-76.6111","6.1","2025-03-03","0.00",",,W,2400",,,,,,,"46",",,W","31",",,W",,,,
"USW00093784","MARYLAND SCIENCE CENTER, MD US","39.2814","-76.6111","6.1","2025-03-04","0.00",",,W,2400",,,,,,,"67",",,W","34",",,W",,,,
"USW00093784","MARYLAND SCIENCE CENTER, MD US","39.2814","-76.6111","6.1","2025-03-05","0.93",",,W,2400",,,,,,,"60",",,W","48",",,W",,,,
"USW00093784","MARYLAND SCIENCE CENTER, MD US","39.2814","-76.6111","6.1","2025-03-06","0.00",",,W,2400",,,,,,,"56",",,W","40",",,W",,,,
"USW00093784","MARYLAND SCIENCE CENTER, MD US","39.2814","-76.6111","6.1","2025-03-07","0.00",",,W,2400",,,,,,,"57",",,W","38",",,W",,,,
"USW00093784","MARYLAND SCIENCE CENTER, MD US","39.2814","-76.6111","6.1","2025-03-08","0.00",",,W,2400",,,,,,,"53",",,W","40",",,W",,,,
"USW00093784","MARYLAND SCIENCE CENTER, MD US","39.2814","-76.6111","6.1","2025-03-09","0.00",",,W,2400",,,,,,,"63",",,W","34",",,W",,,,
"USW00093784","MARYLAND SCIENCE CENTER, MD US","39.2814","-76.6111","6.1","2025-03-10","0.00",",,W,2400",,,,,,,"68",",,W","43",",,W",,,,
"USW00093784","MARYLAND SCIENCE CENTER, MD US","39.2814","-76.6111","6.1","2025-03-11","0.00",",,W,2400",,,,,,,"70",",,W","40",",,W",,,,
"USW00093784","MARYLAND SCIENCE CENTER, MD US","39.2814","-76.6111","6.1","2025-03-13","0.00",",,W,2400",,,,,,,"57",",,W","44",",,W",,,,
"USW00093784","MARYLAND SCIENCE CENTER, MD US","39.2814","-76.6111","6.1","2025-03-14","0.00",",,W,2400",,,,,,,"51",",,W","45",",,W",,,,
"USW00093784","MARYLAND SCIENCE CENTER, MD US","39.2814","-76.6111","6.1","2025-03-15","0.00",",,W,2400","0.0",",,W","0.0",",,W",,,"57",",,W","46",",,W",,,,
"USW00093784","MARYLAND SCIENCE CENTER, MD US","39.2814","-76.6111","6.1","2025-03-16","0.28",",,W,2400",,,,,,,"71",",,W","53",",,W",,,"    1",",,W"
"USW00093784","MARYLAND SCIENCE CENTER, MD US","39.2814","-76.6111","6.1","2025-03-17","0.10",",,W,2400",,,,,,,"61",",,W","42",",,W",,,,
"USW00093784","MARYLAND SCIENCE CENTER, MD US","39.2814","-76.6111","6.1","2025-03-18","0.00",",,W,2400",,,,,,,"69",",,W","41",",,W",,,,
"USW00093784","MARYLAND SCIENCE CENTER, MD US","39.2814","-76.6111","6.1","2025-03-19","0.00",",,W,2400","0.0",",,W","0.0",",,W",,,"73",",,W","44",",,W",,,,
"USW00093784","MARYLAND SCIENCE CENTER, MD US","39.2814","-76.6111","6.1","2025-03-20","0.58",",,W,2400",,,,,,,"73",",,W","49",",,W","    1",",,W","    1",",,W"
"USW00093784","MARYLAND SCIENCE CENTER, MD US","39.2814","-76.6111","6.1","2025-03-21","0.00",",,W,2400",,,,,,,"59",",,W","42",",,W",,,,
"USW00093784","MARYLAND SCIENCE CENTER, MD US","39.2814","-76.6111","6.1","2025-03-22","0.00",",,W,2400",,,,,,,"68",",,W","45",",,W",,,,
"USW00093784","MARYLAND SCIENCE CENTER, MD US","39.2814","-76.6111","6.1","2025-03-23","0.00",",,W,2400",,,,,,,"57",",,W","40",",,W",,,,
"USW00093784","MARYLAND SCIENCE CENTER, MD US","39.2814","-76.6111","6.1","2025-03-24","0.08",",,W,2400",,,,,,,"61",",,W","48",",,W",,,,
"USW00093784","MARYLAND SCIENCE CENTER, MD US","39.2814","-76.6111","6.1","2025-03-25","0.00",",,W,2400",,,,,,,"66",",,W","50",",,W",,,,
"USW00093784","MARYLAND SCIENCE CENTER, MD US","39.2814","-76.6111","6.1","2025-03-26","0.00",",,W,2400",,,,,,,"55",",,W","43",",,W",,,,
"USW00093784","MARYLAND SCIENCE CENTER, MD US","39.2814","-76.6111","6.1","2025-03-27","0.00",",,W,2400",,,,,,,"60",",,W","37",",,W",,,,
"USW00093784","MARYLAND SCIENCE CENTER, MD US","39.2814","-76.6111","6.1","2025-03-28","0.00",",,W,2400",,,,,,,"66",",,W","44",",,W",,,,
"USW00093784","MARYLAND SCIENCE CENTER, MD US","39.2814","-76.6111","6.1","2025-03-29","0.00",",,W,2400",,,,,,,"84",",,W","57",",,W",,,,
"USW00093784","MARYLAND SCIENCE CENTER, MD US","39.2814","-76.6111","6.1","2025-03-30","0.00",",,W,2400",,,,,,,"80",",,W","54",",,W",,,,
"USW00093784","MARYLAND SCIENCE CENTER, MD US","39.2814","-76.6111","6.1","2025-03-31","0.78",",,W,2400",,,,,,,"87",",,W","62",",,W",,,,
"USW00093784","MARYLAND SCIENCE CENTER, MD US","39.2814","-76.6111","6.1","2025-04-01","0.07",",,W,2400",,,,,,,"63",",,W","47",",,W",,,,
"USW00093784","MARYLAND SCIENCE CENTER, MD US","39.2814","-76.6111","6.1","2025-04-02","0.00",",,W,2400",,,,,,,,,,,,,,
"USW00093784","MARYLAND SCIENCE CENTER, MD US","39.2814","-76.6111","6.1","2025-04-03","0.08",",,W,2400",,,,,,,"82",",,W","53",",,W",,,,
"USW00093784","MARYLAND SCIENCE CENTER, MD US","39.2814","-76.6111","6.1","2025-04-04","0.10",",,W,2400",,,,,,,"77",",,W","66",",,W",,,,
"USW00093784","MARYLAND SCIENCE CENTER, MD US","39.2814","-76.6111","6.1","2025-04-05","0.00",",,W,2400",,,,,,,"72",",,W","59",",,W",,,,
"USW00093784","MARYLAND SCIENCE CENTER, MD US","39.2814","-76.6111","6.1","2025-04-06","0.01",",,W,2400",,,,,,,"62",",,W","55",",,W",,,,
"USW00093784","MARYLAND SCIENCE CENTER, MD US","39.2814","-76.6111","6.1","2025-04-07","0.29",",,W,2400",,,,,,,"55",",,W","45",",,W",,,,
"USW00093784","MARYLAND SCIENCE CENTER, MD US","39.2814","-76.6111","6.1","2025-04-08","0.00",",,W,2400",,,,,,,"51",",,W","39",",,W",,,,
"USW00093784","MARYLAND SCIENCE CENTER, MD US","39.2814","-76.6111","6.1","2025-04-09","0.00",",,W,2400",,,,,,,"54",",,W","35",",,W",,,,
"USW00093784","MARYLAND SCIENCE CENTER, MD US","39.2814","-76.6111","6.1","2025-04-10","0.00",",,W,2400",,,,,,,"59",",,W","48",",,W",,,,
"USW00093784","MARYLAND SCIENCE CENTER, MD US","39.2814","-76.6111","6.1","2025-04-11","0.98",",,W,2400",,,,,,,"51",",,W","47",",,W",,,,
"USW00093784","MARYLAND SCIENCE CENTER, MD US","39.2814","-76.6111","6.1","2025-04-12","0.07",",,W,2400",,,,,,,"54",",,W","45",",,W",,,,
"USW00093784","MARYLAND SCIENCE CENTER, MD US","39.2814","-76.6111","6.1","2025-04-13","0.00",",,W,2400",,,,,,,"67",",,W","49",",,W",,,,
"USW00093784","MARYLAND SCIENCE CENTER, MD US","39.2814","-76.6111","6.1","2025-04-14","0.03",",,W,2400",,,,,,,"74",",,W","51",",,W",,,,
"USW00093784","MARYLAND SCIENCE CENTER, MD US","39.2814","-76.6111","6.1","2025-04-15","0.00",",,W,2400",,,,,,,"73",",,W","53",",,W",,,,
"USW00093784","MARYLAND SCIENCE CENTER, MD US","39.2814","-76.6111","6.1","2025-04-16","0.00",",,W,2400",,,,,,,"63",",,W","50",",,W",,,,
"USW00093784","MARYLAND SCIENCE CENTER, MD US","39.2814","-76.6111","6.1","2025-04-17","0.00",",,W,2400",,,,,,,"68",",,W","44",",,W",,,,
"USW00093784","MARYLAND SCIENCE CENTER, MD US","39.2814","-76.6111","6.1","2025-04-18","0.00",",,W,2400",,,,,,,"78",",,W","48",",,W",,,,
"USW00093784","MARYLAND SCIENCE CENTER, MD US","39.2814","-76.6111","6.1","2025-04-19","0.00",",,W,2400",,,,,,,"85",",,W","70",",,W",,,,
"USW00093784","MARYLAND SCIENCE CENTER, MD US","39.2814","-76.6111","6.1","2025-04-20","0.00",",,W,2400",,,,,,,"77",",,W","61",",,W",,,,
"USW00093784","MARYLAND SCIENCE CENTER, MD US","39.2814","-76.6111","6.1","2025-04-21","0.02",",,W,2400",,,,,,,"74",",,W","59",",,W",,,,
"USW00093784","MARYLAND SCIENCE CENTER, MD US","39.2814","-76.6111","6.1","2025-04-22","0.00",",,W,2400",,,,,,,"83",",,W","60",",,W",,,,
"USW00093784","MARYLAND SCIENCE CENTER, MD US","39.2814","-76.6111","6.1","2025-04-23","0.00",",,W,2400",,,,,,,"78",",,W","59",",,W",,,,
"USW00093784","MARYLAND SCIENCE CENTER, MD US","39.2814","-76.6111","6.1","2025-04-24","0.00",",,W,2400",,,,,,,"81",",,W","57",",,W",,,,
"USW00093784","MARYLAND SCIENCE CENTER, MD US","39.2814","-76.6111","6.1","2025-04-25","0.06",",,W,2400",,,,,,,"79",",,W","57",",,W",,,,
"USW00093784","MARYLAND SCIENCE CENTER, MD US","39.2814","-76.6111","6.1","2025-04-26","0.75",",,W,2400",,,,,,,"81",",,W","55",",,W",,,,
"USW00093784","MARYLAND SCIENCE CENTER, MD US","39.2814","-76.6111","6.1","2025-04-27","0.00",",,W,2400",,,,,,,"75",",,W","52",",,W",,,,
"USW00093784","MARYLAND SCIENCE CENTER, MD US","39.2814","-76.6111","6.1","2025-04-28","0.00",",,W,2400",,,,,,,"76",",,W","51",",,W",,,,
"USW00093784","MARYLAND SCIENCE CENTER, MD US","39.2814","-76.6111","6.1","2025-04-29","0.00",",,W,2400",,,,,,,"89",",,W","54",",,W",,,,
"USW00093784","MARYLAND SCIENCE CENTER, MD US","39.2814","-76.6111","6.1","2025-04-30","0.11",",,W,2400",,,,,,,"86",",,W","69",",,W",,,,
"USW00093784","MARYLAND SCIENCE CENTER, MD US","39.2814","-76.6111","6.1","2025-05-01","0.00",",,W,2400",,,,,,,"86",",,W","63",",,W",,,,
"USW00093784","MARYLAND SCIENCE CENTER, MD US","39.2814","-76.6111","6.1","2025-05-02","0.37",",,W,2400",,,,,,,"91",",,W","67",",,W",,,,
"USW00093784","MARYLAND SCIENCE CENTER, MD US","39.2814","-76.6111","6.1","2025-05-03","0.58",",,W,2400",,,,,,,"88",",,W","67",",,W",,,,
"USW00093784","MARYLAND SCIENCE CENTER, MD US","39.2814","-76.6111","6.1","2025-05-04","0.08",",,W,2400",,,,,,,"76",",,W","67",",,W",,,,
"USW00093784","MARYLAND SCIENCE CENTER, MD US","39.2814","-76.6111","6.1","2025-05-05","0.04",",,W,2400",,,,,,,"79",",,W","68",",,W",,,,
"USW00093784","MARYLAND SCIENCE CENTER, MD US","39.2814","-76.6111","6.1","2025-05-06","0.04",",,W,2400",,,,,,,"78",",,W","65",",,W",,,,
"USW00093784","MARYLAND SCIENCE CENTER, MD US","39.2814","-76.6111","6.1","2025-05-07","0.00",",,W,2400",,,,,,,"77",",,W","62",",,W",,,,
"USW00093784","MARYLAND SCIENCE CENTER, MD US","39.2814","-76.6111","6.1","2025-05-08","0.02",",,W,2400",,,,,,,"84",",,W","62",",,W",,,,
"USW00093784","MARYLAND SCIENCE CENTER, MD US","39.2814","-76.6111","6.1","2025-05-09","0.38",",,W,2400",,,,,,,"68",",,W","54",",,W",,,,
"USW00093784","MARYLAND SCIENCE CENTER, MD US","39.2814","-76.6111","6.1","2025-05-10","0.00",",,W,2400",,,,,,,"79",",,W","53",",,W",,,,
"USW00093784","MARYLAND SCIENCE CENTER, MD US","39.2814","-76.6111","6.1","2025-05-11","0.00",",,W,2400",,,,,,,"86",",,W","59",",,W",,,,
"USW00093784","MARYLAND SCIENCE CENTER, MD US","39.2814","-76.6111","6.1","2025-05-12","0.00",",,W,2400",,,,,,,"84",",,W","64",",,W",,,,
"USW00093784","MARYLAND SCIENCE CENTER, MD US","39.2814","-76.6111","6.1","2025-05-13","1.74",",,W,2400",,,,,,,"72",",,W","65",",,W",,,,
"USW00093784","MARYLAND SCIENCE CENTER, MD US","39.2814","-76.6111","6.1","2025-05-14","0.99",",,W,2400",,,,,,,"72",",,W","65",",,W",,,,
"USW00093784","MARYLAND SCIENCE CENTER, MD US","39.2814","-76.6111","6.1","2025-05-15","0.01",",,W,2400",,,,,,,"84",",,W","68",",,W",,,,
"USW00093784","MARYLAND SCIENCE CENTER, MD US","39.2814","-76.6111","6.1","2025-05-16","0.51",",,W,2400",,,,,,,"89",",,W","69",",,W",,,,
"USW00093784","MARYLAND SCIENCE CENTER, MD US","39.2814","-76.6111","6.1","2025-05-17","0.00",",,W,2400",,,,,,,"92",",,W","69",",,W",,,,
"USW00093784","MARYLAND SCIENCE CENTER, MD US","39.2814","-76.6111","6.1","2025-05-18","0.00",",,W,2400",,,,,,,"82",",,W","70",",,W",,,,
"USW00093784","MARYLAND SCIENCE CENTER, MD US","39.2814","-76.6111","6.1","2025-05-19","0.00",",,W,2400",,,,,,,"79",",,W","64",",,W",,,,
"USW00093784","MARYLAND SCIENCE CENTER, MD US","39.2814","-76.6111","6.1","2025-05-20","0.00",",,W,2400",,,,,,,"76",",,W","57",",,W",,,,
"USW00093784","MARYLAND SCIENCE CENTER, MD US","39.2814","-76.6111","6.1","2025-05-21","0.64",",,W,2400",,,,,,,"67",",,W","57",",,W",,,,
"USW00093784","MARYLAND SCIENCE CENTER, MD US","39.2814","-76.6111","6.1","2025-05-22","0.29",",,W,2400",,,,,,,"71",",,W","56",",,W",,,,
"USW00093784","MARYLAND SCIENCE CENTER, MD US","39.2814","-76.6111","6.1","2025-05-23","0.00",",,W,2400",,,,,,,"72",",,W","58",",,W",,,,
"USW00093784","MARYLAND SCIENCE CENTER, MD US","39.2814","-76.6111","6.1","2025-05-24","0.00",",,W,2400",,,,,,,"74",",,W","53",",,W",,,,
"USW00093784","MARYLAND SCIENCE CENTER, MD US","39.2814","-76.6111","6.1","2025-05-25","0.00",",,W,2400",,,,,,,"77",",,W","57",",,W",,,,
"USW00093784","MARYLAND SCIENCE CENTER, MD US","39.2814","-76.6111","6.1","2025-05-26","0.00",",,W,2400",,,,,,,"79",",,W","62",",,W",,,,
"USW00093784","MARYLAND SCIENCE CENTER, MD US","39.2814","-76.6111","6.1","2025-05-27","0.15",",,W,2400",,,,,,,"76",",,W","59",",,W",,,,
"USW00093784","MARYLAND SCIENCE CENTER, MD US","39.2814","-76.6111","6.1","2025-05-28","1.39",",,W,2400",,,,,,,"62",",,W","55",",,W",,,,
"USW00093784","MARYLAND SCIENCE CENTER, MD US","39.2814","-76.6111","6.1","2025-05-29","0.00",",,W,2400",,,,,,,"80",",,W","60",",,W",,,,
"USW00093784","MARYLAND SCIENCE CENTER, MD US","39.2814","-76.6111","6.1","2025-05-30","0.59",",,W,2400",,,,,,,"83",",,W","64",",,W",,,,
"USW00093784","MARYLAND SCIENCE CENTER, MD US","39.2814","-76.6111","6.1","2025-05-31","0.16",",,W,2400",,,,,,,"75",",,W","57",",,W",,,,
"USW00093784","MARYLAND SCIENCE CENTER, MD US","39.2814","-76.6111","6.1","2025-06-01","0.00",",,W,2400",,,,,,,"74",",,W","53",",,W",,,,
"USW00093784","MARYLAND SCIENCE CENTER, MD US","39.2814","-76.6111","6.1","2025-06-02","0.00",",,W,2400",,,,,,,"80",",,W","56",",,W",,,,
"USW00093784","MARYLAND SCIENCE CENTER, MD US","39.2814","-76.6111","6.1","2025-06-03","0.00",",,W,2400",,,,,,,"85",",,W","62",",,W",,,,
"USW00093784","MARYLAND SCIENCE CENTER, MD US","39.2814","-76.6111","6.1","2025-06-04","0.00",",,W,2400",,,,,,,"92",",,W","64",",,W",,,,
"USW00093784","MARYLAND SCIENCE CENTER, MD US","39.2814","-76.6111","6.1","2025-06-05","0.00",",,W,2400",,,,,,,"89",",,W","72",",,W",,,,
"USW00093784","MARYLAND SCIENCE CENTER, MD US","39.2814","-76.6111","6.1","2025-06-06","0.00",",,W,2400",,,,,,,"90",",,W","70",",,W",,,,
"USW00093784","MARYLAND SCIENCE CENTER, MD US","39.2814","-76.6111","6.1","2025-06-07","0.09",",,W,2400",,,,,,,"89",",,W","74",",,W",,,,
"USW00093784","MARYLAND SCIENCE CENTER, MD US","39.2814","-76.6111","6.1","2025-06-08","0.03",",,W,2400",,,,,,,"79",",,W","71",",,W",,,,
"USW00093784","MARYLAND SCIENCE CENTER, MD US","39.2814","-76.6111","6.1","2025-06-09","0.01",",,W,2400",,,,,,,"87",",,W","70",",,W",,,,
"USW00093784","MARYLAND SCIENCE CENTER, MD US","39.2814","-76.6111","6.1","2025-06-10","0.00",",,W,2400",,,,,,,"90",",,W","73",",,W",,,,
"USW00093784","MARYLAND SCIENCE CENTER, MD US","39.2814","-76.6111","6.1","2025-06-11","0.00",",,W,2400",,,,,,,"91",",,W","74",",,W",,,,
"USW00093784","MARYLAND SCIENCE CENTER, MD US","39.2814","-76.6111","6.1","2025-06-12","0.00",",,W,2400",,,,,,,"96",",,W","72",",,W",,,,
"USW00093784","MARYLAND SCIENCE CENTER, MD US","39.2814","-76.6111","6.1","2025-06-13","0.31",",,W,2400",,,,,,,"95",",,W","76",",,W",,,,
"USW00093784","MARYLAND SCIENCE CENTER, MD US","39.2814","-76.6111","6.1","2025-06-14","0.08",",,W,2400",,,,,,,"86",",,W","71",",,W",,,,
"USW00093784","MARYLAND SCIENCE CENTER, MD US","39.2814","-76.6111","6.1","2025-06-15","0.26",",,W,2400",,,,,,,"71",",,W","65",",,W",,,,
"USW00093784","MARYLAND SCIENCE CENTER, MD US","39.2814","-76.6111","6.1","2025-06-16","1.05",",,W,2400",,,,,,,"70",",,W","64",",,W",,,,
"USW00093784","MARYLAND SCIENCE CENTER, MD US","39.2814","-76.6111","6.1","2025-06-17","0.03",",,W,2400",,,,,,,"79",",,W","69",",,W",,,,
"USW00093784","MARYLAND SCIENCE CENTER, MD US","39.2814","-76.6111","6.1","2025-06-18","0.54",",,W,2400",,,,,,,"90",",,W","73",",,W",,,,
"USW00093784","MARYLAND SCIENCE CENTER, MD US","39.2814","-76.6111","6.1","2025-06-19","0.87",",,W,2400",,,,,,,"97",",,W","74",",,W",,,,
"USW00093784","MARYLAND SCIENCE CENTER, MD US","39.2814","-76.6111","6.1","2025-06-20","0.00",",,W,2400",,,,,,,"91",",,W","68",",,W",,,,
"USW00093784","MARYLAND SCIENCE CENTER, MD US","39.2814","-76.6111","6.1","2025-06-21","0.00",",,W,2400",,,,,,,"94",",,W","75",",,W",,,,
"USW00093784","MARYLAND SCIENCE CENTER, MD US","39.2814","-76.6111","6.1","2025-06-22","0.00",",,W,2400",,,,,,,"98",",,W","78",",,W",,,,
"USW00093784","MARYLAND SCIENCE CENTER, MD US","39.2814","-76.6111","6.1","2025-06-23","0.00",",,W,2400",,,,,,,"104",",,W","85",",,W",,,,
"USW00093784","MARYLAND SCIENCE CENTER, MD US","39.2814","-76.6111","6.1","2025-06-24","0.00",",,W,2400",,,,,,,"105",",,W","87",",,W",,,,
"USW00093784","MARYLAND SCIENCE CENTER, MD US","39.2814","-76.6111","6.1","2025-06-25","0.00",",,W,2400",,,,,,,"102",",,W","86",",,W",,,,
"USW00093784","MARYLAND SCIENCE CENTER, MD US","39.2814","-76.6111","6.1","2025-06-26","0.04",",,W,2400",,,,,,,"101",",,W","76",",,W",,,,
"USW00093784","MARYLAND SCIENCE CENTER, MD US","39.2814","-76.6111","6.1","2025-06-27","0.01",",,W,2400",,,,,,,"76",",,W","70",",,W",,,,
"USW00093784","MARYLAND SCIENCE CENTER, MD US","39.2814","-76.6111","6.1","2025-06-28","0.01",",,W,2400",,,,,,,"93",",,W","71",",,W",,,,
"USW00093784","MARYLAND SCIENCE CENTER, MD US","39.2814","-76.6111","6.1","2025-06-29","0.01",",,W,2400",,,,,,,"97",",,W","79",",,W",,,,
"USW00093784","MARYLAND SCIENCE CENTER, MD US","39.2814","-76.6111","6.1","2025-06-30","0.00",",,W,2400",,,,,,,"98",",,W","82",",,W",,,,
"USW00093784","MARYLAND SCIENCE CENTER, MD US","39.2814","-76.6111","6.1","2025-07-01","1.26",",,W,2400",,,,,,,"97",",,W","77",",,W",,,,
"USW00093784","MARYLAND SCIENCE CENTER, MD US","39.2814","-76.6111","6.1","2025-07-02","0.28",",,W,2400",,,,,,,"92",",,W","73",",,W",,,,
"USW00093784","MARYLAND SCIENCE CENTER, MD US","39.2814","-76.6111","6.1","2025-07-03","0.00",",,W,2400",,,,,,,"96",",,W","77",",,W",,,,
"USW00093784","MARYLAND SCIENCE CENTER, MD US","39.2814","-76.6111","6.1","2025-07-04","0.00",",,W,2400",,,,,,,"92",",,W","74",",,W",,,,
"USW00093784","MARYLAND SCIENCE CENTER, MD US","39.2814","-76.6111","6.1","2025-07-05","0.00",",,W,2400",,,,,,,"93",",,W","73",",,W",,,,
"USW00093784","MARYLAND SCIENCE CENTER, MD US","39.2814","-76.6111","6.1","2025-07-06","0.00",",,W,2400",,,,,,,"94",",,W","72",",,W",,,,
"USW00093784","MARYLAND SCIENCE CENTER, MD US","39.2814","-76.6111","6.1","2025-07-07","0.20",",,W,2400",,,,,,,"95",",,W","80",",,W",,,,
"USW00093784","MARYLAND SCIENCE CENTER, MD US","39.2814","-76.6111","6.1","2025-07-08","0.02",",,W,2400",,,,,,,"101",",,W","80",",,W",,,,
"USW00093784","MARYLAND SCIENCE CENTER, MD US","39.2814","-76.6111","6.1","2025-07-09","0.29",",,W,2400",,,,,,,"95",",,W","76",",,W",,,,
"USW00093784","MARYLAND SCIENCE CENTER, MD US","39.2814","-76.6111","6.1","2025-07-10","0.00",",,W,2400",,,,,,,"90",",,W","77",",,W",,,,
"USW00093784","MARYLAND SCIENCE CENTER, MD US","39.2814","-76.6111","6.1","2025-07-11","0.00",",,W,2400",,,,,,,"95",",,W","77",",,W",,,,
"USW00093784","MARYLAND SCIENCE CENTER, MD US","39.2814","-76.6111","6.1","2025-07-12","0.00",",,W,2400",,,,,,,"95",",,W","80",",,W",,,,
"USW00093784","MARYLAND SCIENCE CENTER, MD US","39.2814","-76.6111","6.1","2025-07-13","0.05",",,W,2400",,,,,,,"91",",,W","82",",,W",,,,
"USW00093784","MARYLAND SCIENCE CENTER, MD US","39.2814","-76.6111","6.1","2025-07-14","1.22",",,W,2400",,,,,,,"95",",,W","76",",,W",,,,
"USW00093784","MARYLAND SCIENCE CENTER, MD US","39.2814","-76.6111","6.1","2025-07-15","0.00",",,W,2400",,,,,,,"94",",,W","76",",,W",,,,
"USW00093784","MARYLAND SCIENCE CENTER, MD US","39.2814","-76.6111","6.1","2025-07-16","0.43",",,W,2400",,,,,,,"93",",,W","77",",,W",,,,
"USW00093784","MARYLAND SCIENCE CENTER, MD US","39.2814","-76.6111","6.1","2025-07-17","0.00",",,W,2400",,,,,,,"99",",,W","77",",,W",,,,
"USW00093784","MARYLAND SCIENCE CENTER, MD US","39.2814","-76.6111","6.1","2025-07-18","0.04",",,W,2400",,,,,,,"91",",,W","80",",,W",,,,
"USW00093784","MARYLAND SCIENCE CENTER, MD US","39.2814","-76.6111","6.1","2025-07-19","0.10",",,W,2400",,,,,,,"92",",,W","79",",,W",,,,
"USW00093784","MARYLAND SCIENCE CENTER, MD US","39.2814","-76.6111","6.1","2025-07-20","0.00",",,W,2400",,,,,,,"95",",,W","79",",,W",,,,
"USW00093784","MARYLAND SCIENCE CENTER, MD US","39.2814","-76.6111","6.1","2025-07-21","0.00",",,W,2400",,,,,,,"91",",,W","80",",,W",,,,
"USW00093784","MARYLAND SCIENCE CENTER, MD US","39.2814","-76.6111","6.1","2025-07-22","0.00",",,W,2400",,,,,,,"92",",,W","73",",,W",,,,
"USW00093784","MARYLAND SCIENCE CENTER, MD US","39.2814","-76.6111","6.1","2025-07-23","0.00",",,W,2400",,,,,,,"91",",,W","77",",,W",,,,
"USW00093784","MARYLAND SCIENCE CENTER, MD US","39.2814","-76.6111","6.1","2025-07-24","0.00",",,W,2400",,,,,,,"96",",,W","76",",,W",,,,
"USW00093784","MARYLAND SCIENCE CENTER, MD US","39.2814","-76.6111","6.1","2025-07-25","0.01",",,W,2400",,,,,,,"102",",,W","79",",,W",,,,
"USW00093784","MARYLAND SCIENCE CENTER, MD US","39.2814","-76.6111","6.1","2025-07-26","0.00",",,W,2400",,,,,,,"96",",,W","82",",,W",,,,
"USW00093784","MARYLAND SCIENCE CENTER, MD US","39.2814","-76.6111","6.1","2025-07-27","0.32",",,W,2400",,,,,,,"96",",,W","78",",,W",,,,
"USW00093784","MARYLAND SCIENCE CENTER, MD US","39.2814","-76.6111","6.1","2025-07-28","0.00",",,W,2400",,,,,,,"99",",,W","82",",,W",,,,
"USW00093784","MARYLAND SCIENCE CENTER, MD US","39.2814","-76.6111","6.1","2025-07-29","0.00",",,W,2400",,,,,,,"101",",,W","80",",,W",,,,
"USW00093784","MARYLAND SCIENCE CENTER, MD US","39.2814","-76.6111","6.1","2025-07-30","0.00",",,W,2400",,,,,,,"101",",,W","84",",,W",,,,
"USW00093784","MARYLAND SCIENCE CENTER, MD US","39.2814","-76.6111","6.1","2025-07-31","0.86",",,W,2400",,,,,,,"97",",,W","75",",,W",,,,
"USW00093784","MARYLAND SCIENCE CENTER, MD US","39.2814","-76.6111","6.1","2025-08-01","0.00",",,W,2400",,,,,,,"79",",,W","70",",,W",,,,
"USW00093784","MARYLAND SCIENCE CENTER, MD US","39.2814","-76.6111","6.1","2025-08-02","0.00",",,W,2400",,,,,,,"85",",,W","69",",,W",,,,
"USW00093784","MARYLAND SCIENCE CENTER, MD US","39.2814","-76.6111","6.1","2025-08-03","0.00",",,W,2400",,,,,,,"88",",,W","66",",,W",,,,
"USW00093784","MARYLAND SCIENCE CENTER, MD US","39.2814","-76.6111","6.1","2025-08-04","0.00",",,W,2400",,,,,,,"91",",,W","68",",,W",,,,
"USW00093784","MARYLAND SCIENCE CENTER, MD US","39.2814","-76.6111","6.1","2025-08-05","0.00",",,W,2400",,,,,,,"88",",,W","74",",,W",,,,
"USW00093784","MARYLAND SCIENCE CENTER, MD US","39.2814","-76.6111","6.1","2025-08-06","0.00",",,W,2400",,,,,,,"83",",,W","75",",,W",,,,
"USW00093784","MARYLAND SCIENCE CENTER, MD US","39.2814","-76.6111","6.1","2025-08-07","0.00",",,W,2400",,,,,,,"87",",,W","71",",,W",,,,
"USW00093784","MARYLAND SCIENCE CENTER, MD US","39.2814","-76.6111","6.1","2025-08-08","0.00",",,W,2400",,,,,,,"88",",,W","69",",,W",,,,
"USW00093784","MARYLAND SCIENCE CENTER, MD US","39.2814","-76.6111","6.1","2025-08-09","0.00",",,W,2400",,,,,,,"89",",,W","69",",,W",,,,
"USW00093784","MARYLAND SCIENCE CENTER, MD US","39.2814","-76.6111","6.1","2025-08-10","0.00",",,W,2400",,,,,,,"90",",,W","67",",,W",,,,
"USW00093784","MARYLAND SCIENCE CENTER, MD US","39.2814","-76.6111","6.1","2025-08-11","0.00",",,W,2400",,,,,,,"92",",,W","72",",,W",,,,
"USW00093784","MARYLAND SCIENCE CENTER, MD US","39.2814","-76.6111","6.1","2025-08-12","0.00",",,W,2400",,,,,,,"95",",,W","78",",,W",,,,
"USW00093784","MARYLAND SCIENCE CENTER, MD US","39.2814","-76.6111","6.1","2025-08-13","0.43",",,W,2400",,,,,,,"93",",,W","77",",,W",,,,
"USW00093784","MARYLAND SCIENCE CENTER, MD US","39.2814","-76.6111","6.1","2025-08-14","0.78",",,W,2400",,,,,,,"93",",,W","77",",,W",,,,
"USW00093784","MARYLAND SCIENCE CENTER, MD US","39.2814","-76.6111","6.1","2025-08-15","0.00",",,W,2400",,,,,,,"96",",,W","78",",,W",,,,
"USW00093784","MARYLAND SCIENCE CENTER, MD US","39.2814","-76.6111","6.1","2025-08-16","0.00",",,W,2400",,,,,,,"93",",,W","79",",,W",,,,
"USW00093784","MARYLAND SCIENCE CENTER, MD US","39.2814","-76.6111","6.1","2025-08-17","0.02",",,W,2400",,,,,,,"99",",,W","77",",,W",,,"    1",",,W"
"USW00093784","MARYLAND SCIENCE CENTER, MD US","39.2814","-76.6111","6.1","2025-08-18","0.01",",,W,2400",,,,,,,"81",",,W","71",",,W",,,,
"USW00093784","MARYLAND SCIENCE CENTER, MD US","39.2814","-76.6111","6.1","2025-08-19",,,,,,,,,"78",",,W","71",",,W",,,,
"USW00093784","MARYLAND SCIENCE CENTER, MD US","39.2814","-76.6111","6.1","2025-08-21","0.00",",,W,2400",,,,,,,"73",",,W","64",",,W",,,,
"USW00093784","MARYLAND SCIENCE CENTER, MD US","39.2814","-76.6111","6.1","2025-08-22","0.00",",,W,2400",,,,,,,"84",",,W","67",",,W",,,,
"USW00093784","MARYLAND SCIENCE CENTER, MD US","39.2814","-76.6111","6.1","2025-08-23","0.00",",,W,2400",,,,,,,"83",",,W","64",",,W",,,,
"USW00093784","MARYLAND SCIENCE CENTER, MD US","39.2814","-76.6111","6.1","2025-08-24","0.00",",,W,2400",,,,,,,"85",",,W","68",",,W",,,,
"USW00093784","MARYLAND SCIENCE CENTER, MD US","39.2814","-76.6111","6.1","2025-08-25","0.00",",,W,2400",,,,,,,"85",",,W","71",",,W",,,,
"USW00093784","MARYLAND SCIENCE CENTER, MD US","39.2814","-76.6111","6.1","2025-08-26","0.00",",,W,2400",,,,,,,"82",",,W","64",",,W",,,,
"USW00093784","MARYLAND SCIENCE CENTER, MD US","39.2814","-76.6111","6.1","2025-08-27","0.00",",,1,2400",,,,,,,"79",",,1","63",",,1",,,,
"USW00093784","MARYLAND SCIENCE CENTER, MD US","39.2814","-76.6111","6.1","2025-08-28","0.00",",,1,2400",,,,,,,"83",",,1","62",",,1",,,,
"USW00093784","MARYLAND SCIENCE CENTER, MD US","39.2814","-76.6111","6.1","2025-08-29","0.00",",,1,2400",,,,,,,"82",",,1","65",",,1",,,,
"USW00093784","MARYLAND SCIENCE CENTER, MD US","39.2814","-76.6111","6.1","2025-08-30","0.00",",,1,2400",,,,,,,"77",",,1","59",",,1",,,,
"USW00093784","MARYLAND SCIENCE CENTER, MD US","39.2814","-76.6111","6.1","2025-08-31","0.00",",,1,2400",,,,,,,"80",",,1","58",",,1",,,,
"USW00093784","MARYLAND SCIENCE CENTER, MD US","39.2814","-76.6111","6.1","2025-09-01","0.00",",,1,2400",,,,,,,"82",",,1","61",",,1",,,,
"USW00093784","MARYLAND SCIENCE CENTER, MD US","39.2814","-76.6111","6.1","2025-09-02","0.00",",,1,2400",,,,,,,"79",",,1","62",",,1",,,,
"USW00093784","MARYLAND SCIENCE CENTER, MD US","39.2814","-76.6111","6.1","2025-09-03","0.00",",,1,2400",,,,,,,"82",",,1","61",",,1",,,,
"USW00093784","MARYLAND SCIENCE CENTER, MD US","39.2814","-76.6111","6.1","2025-09-04","0.09",",,1,2400",,,,,,,"88",",,1","65",",,1",,,,
"USW00093784","MARYLAND SCIENCE CENTER, MD US","39.2814","-76.6111","6.1","2025-09-05","0.00",",,1,2400",,,,,,,"88",",,1","66",",,1",,,,
"USW00093784","MARYLAND SCIENCE CENTER, MD US","39.2814","-76.6111","6.1","2025-09-06","0.52",",,1,2400",,,,,,,"90",",,1","66",",,1",,,,
"USW00093784","MARYLAND SCIENCE CENTER, MD US","39.2814","-76.6111","6.1","2025-09-07","0.11",",,1,2400",,,,,,,"78",",,1","63",",,1",,,,
"USW00093784","MARYLAND SCIENCE CENTER, MD US","39.2814","-76.6111","6.1","2025-09-08","0.00",",,1,2400",,,,,,,"76",",,1","59",",,1",,,,
"USW00093784","MARYLAND SCIENCE CENTER, MD US","39.2814","-76.6111","6.1","2025-09-09","0.00",",,1,2400",,,,,,,"78",",,1","58",",,1",,,,
"USW00093784","MARYLAND SCIENCE CENTER, MD US","39.2814","-76.6111","6.1","2025-09-10","0.24",",,1,2400",,,,,,,"71",",,1","62",",,1",,,,
"USW00093784","MARYLAND SCIENCE CENTER, MD US","39.2814","-76.6111","6.1","2025-09-11","0.22",",,1,2400",,,,,,,"80",",,1","66",",,1",,,,
"USW00093784","MARYLAND SCIENCE CENTER, MD US","39.2814","-76.6111","6.1","2025-09-12","0.00",",,1,2400",,,,,,,"83",",,1","64",",,1",,,,
"USW00093784","MARYLAND SCIENCE CENTER, MD US","39.2814","-76.6111","6.1","2025-09-13","0.00",",,1,2400",,,,,,,"84",",,1","63",",,1",,,,
"USW00093784","MARYLAND SCIENCE CENTER, MD US","39.2814","-76.6111","6.1","2025-09-14","0.00",",,1,2400",,,,,,,"86",",,1","67",",,1",,,,
"USW00093784","MARYLAND SCIENCE CENTER, MD US","39.2814","-76.6111","6.1","2025-09-15","0.00",",,1,2400",,,,,,,"83",",,1","67",",,1",,,,
"USW00093784","MARYLAND SCIENCE CENTER, MD US","39.2814","-76.6111","6.1","2025-09-16","0.37",",,1,2400",,,,,,,"70",",,1","61",",,1",,,,
"USW00093784","MARYLAND SCIENCE CENTER, MD US","39.2814","-76.6111","6.1","2025-09-17","0.41",",,1,2400",,,,,,,"69",",,1","61",",,1",,,,
"USW00093784","MARYLAND SCIENCE CENTER, MD US","39.2814","-76.6111","6.1","2025-09-18","0.00",",,1,2400","0.0",",,1","0.0",",,1",,,"85",",,1","65",",,1",,,,
"USW00093784","MARYLAND SCIENCE CENTER, MD US","39.2814","-76.6111","6.1","2025-09-19","0.00",",,1,2400",,,,,,,"89",",,1","65",",,1",,,,
"USW00093784","MARYLAND SCIENCE CENTER, MD US","39.2814","-76.6111","6.1","2025-09-20","0.00",",,1,2400",,,,,,,"79",",,1","67",",,1",,,,
"USW00093784","MARYLAND SCIENCE CENTER, MD US","39.2814","-76.6111","6.1","2025-09-21","0.00",",,1,2400",,,,,,,"74",",,1","65",",,1",,,,
"USW00093784","MARYLAND SCIENCE CENTER, MD US","39.2814","-76.6111","6.1","2025-09-22","0.00",",,1,2400","0.0",",,1","0.0",",,1",,,"78",",,1","62",",,1",,,,
"USW00093784","MARYLAND SCIENCE CENTER, MD US","39.2814","-76.6111","6.1","2025-09-23","0.06",",,1,2400",,,,,,,"86",",,1","64",",,1",,,,
"USW00093784","MARYLAND SCIENCE CENTER, MD US","39.2814","-76.6111","6.1","2025-09-24","0.08",",,1,2400",,,,,,,"77",",,1","69",",,1",,,,
"USW00093784","MARYLAND SCIENCE CENTER, MD US","39.2814","-76.6111","6.1","2025-09-25","0.31",",,1,2400",,,,,,,"84",",,1","71",",,1",,,,
"USW00093784","MARYLAND SCIENCE CENTER, MD US","39.2814","-76.6111","6.1","2025-09-26","0.00",",,1,2400",,,,,,,"85",",,1","70",",,1",,,,
"USW00093784","MARYLAND SCIENCE CENTER, MD US","39.2814","-76.6111","6.1","2025-09-27","0.20",",,1,2400",,,,,,,"81",",,1","67",",,1",,,,
"USW00093784","MARYLAND SCIENCE CENTER, MD US","39.2814","-76.6111","6.1","2025-09-28","0.00",",,1,2400",,,,,,,"85",",,1","67",",,1",,,,
"USW00093784","MARYLAND SCIENCE CENTER, MD US","39.2814","-76.6111","6.1","2025-09-29","0.00",",,1,2400",,,,,,,"80",",,1","67",",,1",,,,
"USW00093784","MARYLAND SCIENCE CENTER, MD US","39.2814","-76.6111","6.1","2025-09-30","0.00",",,1,2400",,,,,,,"80",",,1","70",",,1",,,,
"USW00093784","MARYLAND SCIENCE CENTER, MD US","39.2814","-76.6111","6.1","2025-10-01","0.00",",,1,2400",,,,,,,"74",",,1","59",",,1",,,,
"USW00093784","MARYLAND SCIENCE CENTER, MD US","39.2814","-76.6111","6.1","2025-10-02","0.00",",,1,2400",,,,,,,"73",",,1","57",",,1",,,,
"USW00093784","MARYLAND SCIENCE CENTER, MD US","39.2814","-76.6111","6.1","2025-10-03","0.00",",,1,2400",,,,,,,"73",",,1","54",",,1",,,,
"USW00093784","MARYLAND SCIENCE CENTER, MD US","39.2814","-76.6111","6.1","2025-10-04","0.00",",,1,2400",,,,,,,"80",",,1","55",",,1",,,,
"USW00093784","MARYLAND SCIENCE CENTER, MD US","39.2814","-76.6111","6.1","2025-10-05","0.00",",,1,2400",,,,,,,"79",",,1","58",",,1",,,,
"USW00093784","MARYLAND SCIENCE CENTER, MD US","39.2814","-76.6111","6.1","2025-10-06","0.00",",,1,2400",,,,,,,"84",",,1","60",",,1",,,,
"USW00093784","MARYLAND SCIENCE CENTER, MD US","39.2814","-76.6111","6.1","2025-10-07","0.01",",,1,2400",,,,,,,"82",",,1","62",",,1",,,,
"USW00093784","MARYLAND SCIENCE CENTER, MD US","39.2814","-76.6111","6.1","2025-10-08","0.17",",,1,2400",,,,,,,"72",",,1","59",",,1",,,,
"USW00093784","MARYLAND SCIENCE CENTER, MD US","39.2814","-76.6111","6.1","2025-10-09","0.00",",,1,2400",,,,,,,"66",",,1","53",",,1",,,,
"USW00093784","MARYLAND SCIENCE CENTER, MD US","39.2814","-76.6111","6.1","2025-10-10","0.00",",,1,2400",,,,,,,"66",",,1","50",",,1",,,,
"USW00093784","MARYLAND SCIENCE CENTER, MD US","39.2814","-76.6111","6.1","2025-10-11","0.00",",,1,2400",,,,,,,"72",",,1","54",",,1",,,,
"USW00093784","MARYLAND SCIENCE CENTER, MD US","39.2814","-76.6111","6.1","2025-10-12","0.01",",,1,2400",,,,,,,"67",",,1","59",",,1",,,,
"USW00093784","MARYLAND SCIENCE CENTER, MD US","39.2814","-76.6111","6.1","2025-10-13","0.11",",,1,2400",,,,,,,"62",",,1","57",",,1",,,,
"USW00093784","MARYLAND SCIENCE CENTER, MD US","39.2814","-76.6111","6.1","2025-10-14","0.03",",,1,2400",,,,,,,"67",",,1","56",",,1",,,,
"USW00093784","MARYLAND SCIENCE CENTER, MD US","39.2814","-76.6111","6.1","2025-10-15","0.00",",,1,2400",,,,,,,"72",",,1","55",",,1",,,,
"USW00093784","MARYLAND SCIENCE CENTER, MD US","39.2814","-76.6111","6.1","2025-10-16","0.00",",,1,2400",,,,,,,"65",",,1","49",",,1",,,,
"USW00093784","MARYLAND SCIENCE CENTER, MD US","39.2814","-76.6111","6.1","2025-10-17","0.00",",,1,2400",,,,,,,"68",",,1","47",",,1",,,,
"USW00093784","MARYLAND SCIENCE CENTER, MD US","39.2814","-76.6111","6.1","2025-10-18","0.00",",,1,2400",,,,,,,"70",",,1","51",",,1",,,,
"USW00093784","MARYLAND SCIENCE CENTER, MD US","39.2814","-76.6111","6.1","2025-10-19","0.17",",,1,2400",,,,,,,"75",",,1","55",",,1",,,,
"USW00093784","MARYLAND SCIENCE CENTER, MD US","39.2814","-76.6111","6.1","2025-10-20","0.03",",,1,2400",,,,,,,"66",",,1","52",",,1",,,,
"USW00093784","MARYLAND SCIENCE CENTER, MD US","39.2814","-76.6111","6.1","2025-10-21","0.04",",,1,2400",,,,,,,"71",",,1","46",",,1",,,,
"USW00093784","MARYLAND SCIENCE CENTER, MD US","39.2814","-76.6111","6.1","2025-10-22","0.01",",,1,2400",,,,,,,"67",",,1","53",",,1",,,,
"USW00093784","MARYLAND SCIENCE CENTER, MD US","39.2814","-76.6111","6.1","2025-10-23","0.00",",,1,2400",,,,,,,"63",",,1","51",",,1",,,,
"USW00093784","MARYLAND SCIENCE CENTER, MD US","39.2814","-76.6111","6.1","2025-10-24","0.00",",,1,2400",,,,,,,"60",",,1","43",",,1",,,,
"USW00093784","MARYLAND SCIENCE CENTER, MD US","39.2814","-76.6111","6.1","2025-10-25","0.00",",,1,2400",,,,,,,"61",",,1","44",",,1",,,,
"USW00093784","MARYLAND SCIENCE CENTER, MD US","39.2814","-76.6111","6.1","2025-10-26","0.00",",,1,2400",,,,,,,"63",",,1","44",",,1",,,,
"USW00093784","MARYLAND SCIENCE CENTER, MD US","39.2814","-76.6111","6.1","2025-10-27","0.00",",,1,2400",,,,,,,"62",",,1","47",",,1",,,,
"USW00093784","MARYLAND SCIENCE CENTER, MD US","39.2814","-76.6111","6.1","2025-10-28","0.00",",,1,2400",,,,,,,"58",",,1","45",",,1",,,,
"USW00093784","MARYLAND SCIENCE CENTER, MD US","39.2814","-76.6111","6.1","2025-10-29","0.11",",,1,2400",,,,,,,"60",",,1","50",",,1",,,,
"USW00093784","MARYLAND SCIENCE CENTER, MD US","39.2814","-76.6111","6.1","2025-10-30","1.66",",,1,2400",,,,,,,"69",",,1","53",",,1",,,,
"USW00093784","MARYLAND SCIENCE CENTER, MD US","39.2814","-76.6111","6.1","2025-10-31","0.00",",,1,2400",,,,,,,"62",",,1","52",",,1",,,,
"USW00093784","MARYLAND SCIENCE CENTER, MD US","39.2814","-76.6111","6.1","2025-11-01","0.00",",,1,2400",,,,,,,"64",",,1","47",",,1",,,,
"USW00093784","MARYLAND SCIENCE CENTER, MD US","39.2814","-76.6111","6.1","2025-11-02","0.00",",,1,2400",,,,,,,"65",",,1","44",",,1",,,,
"USW00093784","MARYLAND SCIENCE CENTER, MD US","39.2814","-76.6111","6.1","2025-11-03","0.00",",,1,2400",,,,,,,"67",",,1","51",",,1",,,,
"USW00093784","MARYLAND SCIENCE CENTER, MD US","39.2814","-76.6111","6.1","2025-11-04","0.00",",,1,2400",,,,,,,"64",",,1","46",",,1",,,,
"USW00093784","MARYLAND SCIENCE CENTER, MD US","39.2814","-76.6111","6.1","2025-11-05","0.00",",,1,2400",,,,,,,"72",",,1","42",",,1",,,,
"USW00093784","MARYLAND SCIENCE CENTER, MD US","39.2814","-76.6111","6.1","2025-11-06","0.00",",,1,2400",,,,,,,"60",",,1","45",",,1",,,,
"USW00093784","MARYLAND SCIENCE CENTER, MD US","39.2814","-76.6111","6.1","2025-11-07","0.12",",,1,2400",,,,,,,"65",",,1","39",",,1",,,,
"USW00093784","MARYLAND SCIENCE CENTER, MD US","39.2814","-76.6111","6.1","2025-11-08","0.19",",,1,2400",,,,,,,"71",",,1","54",",,1",,,,
"USW00093784","MARYLAND SCIENCE CENTER, MD US","39.2814","-76.6111","6.1","2025-11-09","0.12",",,1,2400",,,,,,,"63",",,1","50",",,1",,,,
"USW00093784","MARYLAND SCIENCE CENTER, MD US","39.2814","-76.6111","6.1","2025-11-10","0.01",",,1,2400",,,,,,,"56",",,1","36",",,1",,,,
"USW00093784","MARYLAND SCIENCE CENTER, MD US","39.2814","-76.6111","6.1","2025-11-11","0.00",",,1,2400",,,,,,,"46",",,1","33",",,1",,,,
"USW00093784","MARYLAND SCIENCE CENTER, MD US","39.2814","-76.6111","6.1","2025-11-12","0.00",",,1,2400",,,,,,,"60",",,1","38",",,1",,,,
"USW00093784","MARYLAND SCIENCE CENTER, MD US","39.2814","-76.6111","6.1","2025-11-13","0.00",",,1,2400",,,,,,,"57",",,1","41",",,1",,,,
"USW00093784","MARYLAND SCIENCE CENTER, MD US","39.2814","-76.6111","6.1","2025-11-14","0.00",",,1,2400",,,,,,,"56",",,1","41",",,1",,,,
"USW00093784","MARYLAND SCIENCE CENTER, MD US","39.2814","-76.6111","6.1","2025-11-15","0.01",",,1,2400",,,,,,,"59",",,1","46",",,1",,,,
"USW00093784","MARYLAND SCIENCE CENTER, MD US","39.2814","-76.6111","6.1","2025-11-16","0.00",",,1,2400",,,,,,,"65",",,1","46",",,1",,,,
"USW00093784","MARYLAND SCIENCE CENTER, MD US","39.2814","-76.6111","6.1","2025-11-17","0.00",",,1,2400",,,,,,,"50",",,1","36",",,1",,,,
"USW00093784","MARYLAND SCIENCE CENTER, MD US","39.2814","-76.6111","6.1","2025-11-18","0.25",",,1,2400",,,,,,,"50",",,1","35",",,1",,,,
"USW00093784","MARYLAND SCIENCE CENTER, MD US","39.2814","-76.6111","6.1","2025-11-19","0.22",",,1,2400",,,,,,,"47",",,1","42",",,1",,,,
"USW00093784","MARYLAND SCIENCE CENTER, MD US","39.2814","-76.6111","6.1","2025-11-20","0.00",",,1,2400",,,,,,,"48",",,1","40",",,1",,,,
"USW00093784","MARYLAND SCIENCE CENTER, MD US","39.2814","-76.6111","6.1","2025-11-21","0.02",",,1,2400",,,,,,,"56",",,1","44",",,1",,,,
"USW00093784","MARYLAND SCIENCE CENTER, MD US","39.2814","-76.6111","6.1","2025-11-22","0.29",",,1,2400",,,,,,,"56",",,1","44",",,1",,,,
"USW00093784","MARYLAND SCIENCE CENTER, MD US","39.2814","-76.6111","6.1","2025-11-23","0.00",",,1,2400",,,,,,,"61",",,1","38",",,1",,,,
"USW00093784","MARYLAND SCIENCE CENTER, MD US","39.2814","-76.6111","6.1","2025-11-24","0.00",",,1,2400",,,,,,,"59",",,1","43",",,1",,,,
"USW00093784","MARYLAND SCIENCE CENTER, MD US","39.2814","-76.6111","6.1","2025-11-25","0.29",",,1,2400",,,,,,,"55",",,1","44",",,1",,,,
"USW00093784","MARYLAND SCIENCE CENTER, MD US","39.2814","-76.6111","6.1","2025-11-26","0.01",",,1,2400",,,,,,,"69",",,1","48",",,1",,,,
"USW00093784","MARYLAND SCIENCE CENTER, MD US","39.2814","-76.6111","6.1","2025-11-27","0.00",",,1,2400",,,,,,,"48",",,1","36",",,1",,,,
"USW00093784","MARYLAND SCIENCE CENTER, MD US","39.2814","-76.6111","6.1","2025-11-28","0.00",",,1,2400",,,,,,,"42",",,1","33",",,1",,,,
"USW00093784","MARYLAND SCIENCE CENTER, MD US","39.2814","-76.6111","6.1","2025-11-29","0.00",",,1,2400",,,,,,,"44",",,1","30",",,1",,,,
"USW00093784","MARYLAND SCIENCE CENTER, MD US","39.2814","-76.6111","6.1","2025-11-30","0.06",",,1,2400",,,,,,,"43",",,1","37",",,1",,,,
"USW00093784","MARYLAND SCIENCE CENTER, MD US","39.2814","-76.6111","6.1","2025-12-01","0.00",",,1,2400",,,,,,,"45",",,1","35",",,1",,,,
"USW00093784","MARYLAND SCIENCE CENTER, MD US","39.2814","-76.6111","6.1","2025-12-02","0.84",",,1,2400",,,,,,,"41",",,1","34",",,1",,,,
"USW00093784","MARYLAND SCIENCE CENTER, MD US","39.2814","-76.6111","6.1","2025-12-03","0.00",",,1,2400",,,,,,,"44",",,1","32",",,1",,,,
"USW00093784","MARYLAND SCIENCE CENTER, MD US","39.2814","-76.6111","6.1","2025-12-04","0.00",",,1,2400",,,,,,,"43",",,1","32",",,1",,,,
"USW00093784","MARYLAND SCIENCE CENTER, MD US","39.2814","-76.6111","6.1","2025-12-05","0.03",",,1,2400",,,,,,,"33",",,1","26",",,1",,,,
"USW00093784","MARYLAND SCIENCE CENTER, MD US","39.2814","-76.6111","6.1","2025-12-06","0.02",",,1,2400",,,,,,,"45",",,1","31",",,1",,,,
"USW00093784","MARYLAND SCIENCE CENTER, MD US","39.2814","-76.6111","6.1","2025-12-07","0.00",",,1,2400",,,,,,,"45",",,1","31",",,1",,,,
"USW00093784","MARYLAND SCIENCE CENTER, MD US","39.2814","-76.6111","6.1","2025-12-08","0.00",",,1,2400",,,,,,,"38",",,1","26",",,1",,,,
"USW00093784","MARYLAND SCIENCE CENTER, MD US","39.2814","-76.6111","6.1","2025-12-09","0.00",",,1,2400",,,,,,,"33",",,1","21",",,1",,,,
"USW00093784","MARYLAND SCIENCE CENTER, MD US","39.2814","-76.6111","6.1","2025-12-10","0.01",",,1,2400",,,,,,,"46",",,1","31",",,1",,,,
"USW00093784","MARYLAND SCIENCE CENTER, MD US","39.2814","-76.6111","6.1","2025-12-11","0.00",",,1,2400",,,,,,,"42",",,1","33",",,1",,,,
"USW00093784","MARYLAND SCIENCE CENTER, MD US","39.2814","-76.6111","6.1","2025-12-12","0.00",",,1,2400",,,,,,,"36",",,1","28",",,1",,,,
"USW00093784","MARYLAND SCIENCE CENTER, MD US","39.2814","-76.6111","6.1","2025-12-13","0.01",",,1,2400",,,,,,,"42",",,1","28",",,1",,,,
"USW00093784","MARYLAND SCIENCE CENTER, MD US","39.2814","-76.6111","6.1","2025-12-14","0.29",",,1,2400",,,,,,,"35",",,1","20",",,1",,,,
"USW00093784","MARYLAND SCIENCE CENTER, MD US","39.2814","-76.6111","6.1","2025-12-15","0.00",",,1,2400",,,,,,,"28",",,1","19",",,1",,,,
"USW00093784","MARYLAND SCIENCE CENTER, MD US","39.2814","-76.6111","6.1","2025-12-16","0.00",",,1,2400",,,,,,,"35",",,1","22",",,1",,,,
"USW00093784","MARYLAND SCIENCE CENTER, MD US","39.2814","-76.6111","6.1","2025-12-17","0.00",",,1,2400",,,,,,,"49",",,1","28",",,1",,,,
"USW00093784","MARYLAND SCIENCE CENTER, MD US","39.2814","-76.6111","6.1","2025-12-18","0.06",",,1,2400",,,,,,,"51",",,1","31",",,1",,,,
"USW00093784","MARYLAND SCIENCE CENTER, MD US","39.2814","-76.6111","6.1","2025-12-19","0.31",",,1,2400",,,,,,,"59",",,1","34",",,1",,,,
"USW00093784","MARYLAND SCIENCE CENTER, MD US","39.2814","-76.6111","6.1","2025-12-20","0.00",",,1,2400",,,,,,,"39",",,1","29",",,1",,,,
"USW00093784","MARYLAND SCIENCE CENTER, MD US","39.2814","-76.6111","6.1","2025-12-21","0.00",",,1,2400",,,,,,,"48",",,1","33",",,1",,,,
"USW00093784","MARYLAND SCIENCE CENTER, MD US","39.2814","-76.6111","6.1","2025-12-22","0.00",",,1,2400",,,,,,,"45",",,1","28",",,1",,,,
"USW00093784","MARYLAND SCIENCE CENTER, MD US","39.2814","-76.6111","6.1","2025-12-23","0.00",",,1,2400",,,,,,,"43",",,1","37",",,1",,,,
"USW00093784","MARYLAND SCIENCE CENTER, MD US","39.2814","-76.6111","6.1","2025-12-24","0.00",",,1,2400",,,,,,,"53",",,1","40",",,1",,,,
"USW00093784","MARYLAND SCIENCE CENTER, MD US","39.2814","-76.6111","6.1","2025-12-25","0.03",",,1,2400",,,,,,,"57",",,1","37",",,1",,,,
"USW00093784","MARYLAND SCIENCE CENTER, MD US","39.2814","-76.6111","6.1","2025-12-26","0.05",",,1,2400",,,,,,,"38",",,1","31",",,1",,,,
"USW00093784","MARYLAND SCIENCE CENTER, MD US","39.2814","-76.6111","6.1","2025-12-27","0.00",",,1,2400",,,,,,,"40",",,1","34",",,1",,,,
"USW00093784","MARYLAND SCIENCE CENTER, MD US","39.2814","-76.6111","6.1","2025-12-28","0.00",",,1,2400",,,,,,,"41",",,1","34",",,1",,,,
"USW00093784","MARYLAND SCIENCE CENTER, MD US","39.2814","-76.6111","6.1","2025-12-29","0.01",",,1,2400",,,,,,,"57",",,1","32",",,1",,,,
"USW00093784","MARYLAND SCIENCE CENTER, MD US","39.2814","-76.6111","6.1","2025-12-30","0.00",",,1,2400",,,,,,,"34",",,1","27",",,1",,,,
"USW00093784","MARYLAND SCIENCE CENTER, MD US","39.2814","-76.6111","6.1","2025-12-31","0.00",",,1,2400",,,,,,,"37",",,1","27",",,1",,,,
"USW00093784","MARYLAND SCIENCE CENTER, MD US","39.2814","-76.6111","6.1","2026-01-01","0.00",",,1,2400",,,,,,,"37",",,1","27",",,1",,,,
"USW00093784","MARYLAND SCIENCE CENTER, MD US","39.2814","-76.6111","6.1","2026-01-02","0.00",",,1,2400",,,,,,,"36",",,1","27",",,1",,,,
"USW00093784","MARYLAND SCIENCE CENTER, MD US","39.2814","-76.6111","6.1","2026-01-03","0.00",",,1,2400",,,,,,,"36",",,1","27",",,1",,,,
"USW00093784","MARYLAND SCIENCE CENTER, MD US","39.2814","-76.6111","6.1","2026-01-04","0.00",",,1,2400",,,,,,,"41",",,1","30",",,1",,,,
"USW00093784","MARYLAND SCIENCE CENTER, MD US","39.2814","-76.6111","6.1","2026-01-05","0.00",",,1,2400",,,,,,,"39",",,1","28",",,1",,,,
"USW00093784","MARYLAND SCIENCE CENTER, MD US","39.2814","-76.6111","6.1","2026-01-06","0.00",",,1,2400",,,,,,,"45",",,1","34",",,1",,,,
"USW00093784","MARYLAND SCIENCE CENTER, MD US","39.2814","-76.6111","6.1","2026-01-07","0.00",",,1,2400",,,,,,,"62",",,1","36",",,1",,,,
"USW00093784","MARYLAND SCIENCE CENTER, MD US","39.2814","-76.6111","6.1","2026-01-08","0.00",",,1,2400",,,,,,,"53",",,1","36",",,1",,,,
"USW00093784","MARYLAND SCIENCE CENTER, MD US","39.2814","-76.6111","6.1","2026-01-09","0.04",",,1,2400",,,,,,,"50",",,1","36",",,1",,,,
"USW00093784","MARYLAND SCIENCE CENTER, MD US","39.2814","-76.6111","6.1","2026-01-10","0.92",",,1,2400",,,,,,,"53",",,1","45",",,1",,,,
"USW00093784","MARYLAND SCIENCE CENTER, MD US","39.2814","-76.6111","6.1","2026-01-11","0.00",",,1,2400",,,,,,,"50",",,1","35",",,1",,,,
"USW00093784","MARYLAND SCIENCE CENTER, MD US","39.2814","-76.6111","6.1","2026-01-12","0.00",",,1,2400",,,,,,,"47",",,1","33",",,1",,,,
"USW00093784","MARYLAND SCIENCE CENTER, MD US","39.2814","-76.6111","6.1","2026-01-13","0.00",",,1,2400",,,,,,,"51",",,1","31",",,1",,,,
"USW00093784","MARYLAND SCIENCE CENTER, MD US","39.2814","-76.6111","6.1","2026-01-14","0.00",",,1,2400",,,,,,,"50",",,1","42",",,1",,,,
"USW00093784","MARYLAND SCIENCE CENTER, MD US","39.2814","-76.6111","6.1","2026-01-15","0.02",",,1,2400",,,,,,,"44",",,1","23",",,1",,,,
"USW00093784","MARYLAND SCIENCE CENTER, MD US","39.2814","-76.6111","6.1","2026-01-16","0.00",",,1,2400",,,,,,,"37",",,1","22",",,1",,,,
"USW00093784","MARYLAND SCIENCE CENTER, MD US","39.2814","-76.6111","6.1","2026-01-17","0.04",",,1,2400",,,,,,,"40",",,1","33",",,1",,,,
"USW00093784","MARYLAND SCIENCE CENTER, MD US","39.2814","-76.6111","6.1","2026-01-18","0.15",",,1,2400",,,,,,,"37",",,1","26",",,1",,,,
"USW00093784","MARYLAND SCIENCE CENTER, MD US","39.2814","-76.6111","6.1","2026-01-19","0.00",",,1,2400",,,,,,,"41",",,1","22",",,1",,,,
"USW00093784","MARYLAND SCIENCE CENTER, MD US","39.2814","-76.6111","6.1","2026-01-20","0.00",",,1,2400",,,,,,,"30",",,1","19",",,1",,,,
"USW00093784","MARYLAND SCIENCE CENTER, MD US","39.2814","-76.6111","6.1","2026-01-21","0.00",",,1,2400",,,,,,,"42",",,1","19",",,1",,,,
"USW00093784","MARYLAND SCIENCE CENTER, MD US","39.2814","-76.6111","6.1","2026-01-22","0.00",",,1,2400",,,,,,,"54",",,1","35",",,1",,,,
"USW00093784","MARYLAND SCIENCE CENTER, MD US","39.2814","-76.6111","6.1","2026-01-23","0.00",",,1,2400",,,,,,,"43",",,1","18",",,1",,,,
"USW00093784","MARYLAND SCIENCE CENTER, MD US","39.2814","-76.6111","6.1","2026-01-24","0.00",",,1,2400",,,,,,,"20",",,1","10",",,1",,,,
"USW00093784","MARYLAND SCIENCE CENTER, MD US","39.2814","-76.6111","6.1","2026-01-25","2.03",",,1,2400",,,,,,,"26",",,1","15",",,1",,,,
"USW00093784","MARYLAND SCIENCE CENTER, MD US","39.2814","-76.6111","6.1","2026-01-26","0.00",",,1,2400",,,,,,,"27",",,1","19",",,1",,,,
"USW00093784","MARYLAND SCIENCE CENTER, MD US","39.2814","-76.6111","6.1","2026-01-27","0.00",",,1,2400",,,,,,,"28",",,1","14",",,1",,,,
"USW00093784","MARYLAND SCIENCE CENTER, MD US","39.2814","-76.6111","6.1","2026-01-28","0.00",",,1,2400",,,,,,,"24",",,1","15",",,1",,,,
"USW00093784","MARYLAND SCIENCE CENTER, MD US","39.2814","-76.6111","6.1","2026-01-29","0.00",",,1,2400",,,,,,,"23",",,1","13",",,1",,,,
"USW00093784","MARYLAND SCIENCE CENTER, MD US","39.2814","-76.6111","6.1","2026-01-30","0.00",",,1,2400",,,,,,,"21",",,1","12",",,1",,,,
"USW00093784","MARYLAND SCIENCE CENTER, MD US","39.2814","-76.6111","6.1","2026-01-31","0.00",",,1,2400",,,,,,,"23",",,1","11",",,1",,,,
"USW00093784","MARYLAND SCIENCE CENTER, MD US","39.2814","-76.6111","6.1","2026-02-01","0.00",",,1,2400",,,,,,,"28",",,1","14",",,1",,,,
"USW00093784","MARYLAND SCIENCE CENTER, MD US","39.2814","-76.6111","6.1","2026-02-02","0.00",",,1,2400",,,,,,,"35",",,1","21",",,1",,,,
"USW00093784","MARYLAND SCIENCE CENTER, MD US","39.2814","-76.6111","6.1","2026-02-03","0.00",",,1,2400",,,,,,,"40",",,1","27",",,1",,,,
"USW00093784","MARYLAND SCIENCE CENTER, MD US","39.2814","-76.6111","6.1","2026-02-04","0.00",",,1,2400",,,,,,,"37",",,1","28",",,1",,,,
"USW00093784","MARYLAND SCIENCE CENTER, MD US","39.2814","-76.6111","6.1","2026-02-05","0.00",",,1,2400",,,,,,,"34",",,1","22",",,1",,,,
"USW00093784","MARYLAND SCIENCE CENTER, MD US","39.2814","-76.6111","6.1","2026-02-06","0.00","T,,1,2400",,,,,,,"32",",,1","22",",,1",,,,
"USW00093784","MARYLAND SCIENCE CENTER, MD US","39.2814","-76.6111","6.1","2026-02-07","0.00",",,1,2400",,,,,,,"32",",,1","16",",,1",,,,
"USW00093784","MARYLAND SCIENCE CENTER, MD US","39.2814","-76.6111","6.1","2026-02-08","0.00",",,1,2400",,,,,,,"23",",,1","13",",,1",,,,
"USW00093784","MARYLAND SCIENCE CENTER, MD US","39.2814","-76.6111","6.1","2026-02-09","0.00",",,1,2400",,,,,,,"33",",,1","15",",,1",,,,
"USW00093784","MARYLAND SCIENCE CENTER, MD US","39.2814","-76.6111","6.1","2026-02-10","0.00",",,1,2400",,,,,,,"40",",,1","28",",,1",,,,
"USW00093784","MARYLAND SCIENCE CENTER, MD US","39.2814","-76.6111","6.1","2026-02-11","0.00",",,1,2400",,,,,,,"47",",,1","34",",,1",,,,
"USW00093784","MARYLAND SCIENCE CENTER, MD US","39.2814","-76.6111","6.1","2026-02-12","0.00",",,1,2400",,,,,,,"38",",,1","30",",,1",,,,
"USW00093784","MARYLAND SCIENCE CENTER, MD US","39.2814","-76.6111","6.1","2026-02-13","0.00",",,1,2400",,,,,,,"37",",,1","26",",,1",,,,
"USW00093784","MARYLAND SCIENCE CENTER, MD US","39.2814","-76.6111","6.1","2026-02-14","0.00",",,1,2400",,,,,,,"56",",,1","27",",,1",,,,
"USW00093784","MARYLAND SCIENCE CENTER, MD US","39.2814","-76.6111","6.1","2026-02-15","0.43",",,1,2400",,,,,,,"44",",,1","33",",,1",,,,
"USW00093784","MARYLAND SCIENCE CENTER, MD US","39.2814","-76.6111","6.1","2026-02-16","0.02",",,1,2400",,,,,,,"41",",,1","36",",,1",,,,
"USW00093784","MARYLAND SCIENCE CENTER, MD US","39.2814","-76.6111","6.1","2026-02-17","0.00",",,1,2400",,,,,,,"47",",,1","36",",,1",,,,
"USW00093784","MARYLAND SCIENCE CENTER, MD US","39.2814","-76.6111","6.1","2026-02-18","0.00",",,1,2400",,,,,,,"45",",,1","36",",,1",,,,
"USW00093784","MARYLAND SCIENCE CENTER, MD US","39.2814","-76.6111","6.1","2026-02-19","0.36",",,1,2400",,,,,,,"42",",,1","38",",,1",,,,
"USW00093784","MARYLAND SCIENCE CENTER, MD US","39.2814","-76.6111","6.1","2026-02-20","0.43",",,1,2400",,,,,,,"52",",,1","39",",,1",,,,
"USW00093784","MARYLAND SCIENCE CENTER, MD US","39.2814","-76.6111","6.1","2026-02-21","0.00",",,1,2400",,,,,,,"52",",,1","36",",,1",,,,
"USW00093784","MARYLAND SCIENCE CENTER, MD US","39.2814","-76.6111","6.1","2026-02-22","0.63",",,1,2400",,,,,,,"41",",,1","33",",,1",,,,
"USW00093784","MARYLAND SCIENCE CENTER, MD US","39.2814","-76.6111","6.1","2026-02-23","0.06",",,1,2400",,,,,,,"42",",,1","32",",,1",,,,
"USW00093784","MARYLAND SCIENCE CENTER, MD US","39.2814","-76.6111","6.1","2026-02-24","0.00",",,1,2400",,,,,,,"38",",,1","27",",,1",,,,
"USW00093784","MARYLAND SCIENCE CENTER, MD US","39.2814","-76.6111","6.1","2026-02-25","0.00",",,1,2400",,,,,,,"56",",,1","33",",,1",,,,
"USW00093784","MARYLAND SCIENCE CENTER, MD US","39.2814","-76.6111","6.1","2026-02-26","0.00",",,1,2400",,,,,,,"51",",,1","37",",,1",,,,
"USW00093784","MARYLAND SCIENCE CENTER, MD US","39.2814","-76.6111","6.1","2026-02-27","0.00",",,1,2400",,,,,,,"52",",,1","32",",,1",,,,
"USW00093784","MARYLAND SCIENCE CENTER, MD US","39.2814","-76.6111","6.1","2026-02-28","0.00",",,1,2400",,,,,,,"58",",,1","33",",,1",,,,
"USW00093784","MARYLAND SCIENCE CENTER, MD US","39.2814","-76.6111","6.1","2026-03-01","0.00",",,1,2400",,,,,,,"52",",,1","38",",,1",,,,
"USW00093784","MARYLAND SCIENCE CENTER, MD US","39.2814","-76.6111","6.1","2026-03-02","0.11",",,1,2400",,,,,,,"38",",,1","29",",,1",,,,
"USW00093784","MARYLAND SCIENCE CENTER, MD US","39.2814","-76.6111","6.1","2026-03-03","0.33",",,1,2400",,,,,,,"41",",,1","31",",,1",,,,
"USW00093784","MARYLAND SCIENCE CENTER, MD US","39.2814","-76.6111","6.1","2026-03-04","0.04",",,1,2400",,,,,,,"49",",,1","41",",,1",,,,
"USW00093784","MARYLAND SCIENCE CENTER, MD US","39.2814","-76.6111","6.1","2026-03-05","0.20",",,1,2400",,,,,,,"51",",,1","44",",,1",,,,
"USW00093784","MARYLAND SCIENCE CENTER, MD US","39.2814","-76.6111","6.1","2026-03-06","0.00",",,1,2400",,,,,,,"48",",,1","42",",,1",,,,
"USW00093784","MARYLAND SCIENCE CENTER, MD US","39.2814","-76.6111","6.1","2026-03-07","0.00",",,1,2400",,,,,,,"51",",,1","40",",,1",,,,
"USW00093784","MARYLAND SCIENCE CENTER, MD US","39.2814","-76.6111","6.1","2026-03-08","0.03",",,1,2400",,,,,,,"73",",,1","46",",,1",,,,
"USW00093784","MARYLAND SCIENCE CENTER, MD US","39.2814","-76.6111","6.1","2026-03-09","0.00",",,1,2400",,,,,,,"73",",,1","44",",,1",,,,
"USW00093784","MARYLAND SCIENCE CENTER, MD US","39.2814","-76.6111","6.1","2026-03-10","0.00",",,1,2400",,,,,,,"80",",,1","46",",,1",,,,
"USW00093784","MARYLAND SCIENCE CENTER, MD US","39.2814","-76.6111","6.1","2026-03-11","0.14",",,1,2400",,,,,,,"80",",,1","53",",,1",,,,
"USW00093784","MARYLAND SCIENCE CENTER, MD US","39.2814","-76.6111","6.1","2026-03-12","0.48",",,1,2400",,,,,,,"74",",,1","34",",,1",,,,
"USW00093784","MARYLAND SCIENCE CENTER, MD US","39.2814","-76.6111","6.1","2026-03-13","0.00",",,1,2400",,,,,,,"54",",,1","32",",,1",,,,
"USW00093784","MARYLAND SCIENCE CENTER, MD US","39.2814","-76.6111","6.1","2026-03-14","0.00",",,1,2400",,,,,,,"59",",,1","45",",,1",,,,
"USW00093784","MARYLAND SCIENCE CENTER, MD US","39.2814","-76.6111","6.1","2026-03-15","0.02",",,1,2400",,,,,,,"52",",,1","43",",,1",,,,
"USW00093784","MARYLAND SCIENCE CENTER, MD US","39.2814","-76.6111","6.1","2026-03-16","0.54",",,1,2400",,,,,,,"66",",,1","38",",,1",,,,
"USW00093784","MARYLAND SCIENCE CENTER, MD US","39.2814","-76.6111","6.1","2026-03-17","0.00",",,1,2400",,,,,,,"41",",,1","30",",,1",,,,
"USW00093784","MARYLAND SCIENCE CENTER, MD US","39.2814","-76.6111","6.1","2026-03-18","0.00",",,1,2400",,,,,,,"40",",,1","27",",,1",,,,
"USW00093784","MARYLAND SCIENCE CENTER, MD US","39.2814","-76.6111","6.1","2026-03-19","0.00",",,1,2400",,,,,,,"53",",,1","36",",,1",,,,
"USW00093784","MARYLAND SCIENCE CENTER, MD US","39.2814","-76.6111","6.1","2026-03-20","0.09",",,1,2400",,,,,,,"65",",,1","39",",,1",,,,
"USW00093784","MARYLAND SCIENCE CENTER, MD US","39.2814","-76.6111","6.1","2026-03-21","0.00",",,1,2400",,,,,,,"68",",,1","53",",,1",,,,
"USW00093784","MARYLAND SCIENCE CENTER, MD US","39.2814","-76.6111","6.1","2026-03-22","0.00",",,1,2400",,,,,,,"73",",,1","48",",,1",,,,
"USW00093784","MARYLAND SCIENCE CENTER, MD US","39.2814","-76.6111","6.1","2026-03-23","0.08",",,1,2400",,,,,,,"67",",,1","43",",,1",,,,
"USW00093784","MARYLAND SCIENCE CENTER, MD US","39.2814","-76.6111","6.1","2026-03-24","0.00",",,1,2400",,,,,,,"50",",,1","36",",,1",,,,
"USW00093784","MARYLAND SCIENCE CENTER, MD US","39.2814","-76.6111","6.1","2026-03-25","0.00",",,1,2400",,,,,,,"59",",,1","40",",,1",,,,
"USW00093784","MARYLAND SCIENCE CENTER, MD US","39.2814","-76.6111","6.1","2026-03-26","0.00",",,1,2400",,,,,,,"81",",,1","48",",,1",,,,
"USW00093784","MARYLAND SCIENCE CENTER, MD US","39.2814","-76.6111","6.1","2026-03-27","0.14",",,1,2400",,,,,,,"74",",,1","42",",,1",,,,
"USW00093784","MARYLAND SCIENCE CENTER, MD US","39.2814","-76.6111","6.1","2026-03-28","0.00",",,1,2400",,,,,,,"50",",,1","36",",,1",,,,
"USW00093784","MARYLAND SCIENCE CENTER, MD US","39.2814","-76.6111","6.1","2026-03-29","0.00",",,1,2400",,,,,,,"63",",,1","36",",,1",,,,
"USW00093784","MARYLAND SCIENCE CENTER, MD US","39.2814","-76.6111","6.1","2026-03-30","0.00",",,1,2400",,,,,,,"73",",,1","50",",,1",,,,
"USW00093784","MARYLAND SCIENCE CENTER, MD US","39.2814","-76.6111","6.1","2026-03-31","0.00",",,1,2400",,,,,,,"85",",,1","59",",,1",,,,
"USW00093784","MARYLAND SCIENCE CENTER, MD US","39.2814","-76.6111","6.1","2026-04-01","0.22",",,1,2400",,,,,,,"87",",,1","65",",,1",,,,
"USW00093784","MARYLAND SCIENCE CENTER, MD US","39.2814","-76.6111","6.1","2026-04-02","0.00",",,1,2400",,,,,,,"65",",,1","46",",,1",,,,
"USW00093784","MARYLAND SCIENCE CENTER, MD US","39.2814","-76.6111","6.1","2026-04-03","0.01",",,1,2400",,,,,,,"74",",,1","46",",,1",,,,
